algoritmo,generacion,fitness,NFE,tiempo
Original,1,-446,20,0.014714717864990234
Original,2,-445,30,0.020713090896606445
Original,3,-411,40,0.029169321060180664
Original,4,-411,50,0.04521656036376953
Original,5,-411,60,0.05708050727844238
Original,6,-411,70,0.07935929298400879
Original,7,-411,80,0.08835673332214355
Original,8,-411,90,0.09335851669311523
Original,9,-411,100,0.09936690330505371
Original,10,-411,110,0.1086575984954834
Original,11,-411,120,0.12267231941223145
Original,12,-411,130,0.17167043685913086
Original,13,-411,140,0.19074368476867676
Original,14,-411,150,0.19893503189086914
Original,15,-411,160,0.2194523811340332
Original,16,-411,170,0.22545909881591797
Original,17,-411,180,0.23145008087158203
Original,18,-411,190,0.237687349319458
Original,19,-411,200,0.24168705940246582
Original,20,-411,210,0.24914908409118652
Original,21,-411,220,0.25314903259277344
Original,22,-411,230,0.25914978981018066
Original,23,-411,240,0.2640714645385742
Original,24,-411,250,0.26807093620300293
Original,25,-411,260,0.2746450901031494
Original,26,-411,270,0.28168416023254395
Original,27,-411,280,0.2870149612426758
Original,28,-411,290,0.29201316833496094
Original,29,-411,300,0.2970559597015381
Original,30,-411,310,0.3000214099884033
Original,31,-411,320,0.30402255058288574
Original,32,-411,330,0.3070261478424072
Original,33,-411,340,0.31354761123657227
Original,34,-411,350,0.31781816482543945
Original,35,-411,360,0.3208174705505371
Original,36,-401,370,0.32481932640075684
Original,37,-401,380,0.32881951332092285
Original,38,-401,390,0.33081698417663574
Original,39,-401,400,0.33481788635253906
Original,40,-401,410,0.33912086486816406
Original,41,-401,420,0.34812164306640625
Original,42,-401,430,0.35158801078796387
Original,43,-401,440,0.3545992374420166
Original,44,-401,450,0.3565967082977295
Original,45,-401,460,0.3605949878692627
Original,46,-401,470,0.3636636734008789
Original,47,-401,480,0.36795496940612793
Original,48,-401,490,0.37195563316345215
Original,49,-401,500,0.37696170806884766
Original,50,-401,510,0.3877573013305664
Original,51,-401,520,0.3918743133544922
Original,52,-401,530,0.39487504959106445
Original,53,-401,540,0.39788222312927246
Original,54,-401,550,0.399885892868042
Original,55,-401,560,0.40288209915161133
Original,56,-401,570,0.40628623962402344
Original,57,-401,580,0.41222381591796875
Original,58,-401,590,0.41559648513793945
Original,59,-401,600,0.4191153049468994
Original,60,-401,610,0.42211484909057617
Original,61,-401,620,0.4241139888763428
Original,62,-401,630,0.42711710929870605
Original,63,-401,640,0.43011999130249023
Original,64,-401,650,0.43415212631225586
Original,65,-401,660,0.43816351890563965
Original,66,-401,670,0.4451632499694824
Original,67,-401,680,0.45116209983825684
Original,68,-401,690,0.45516061782836914
Original,69,-401,700,0.4581618309020996
Original,70,-401,710,0.4631633758544922
Original,71,-401,720,0.4651618003845215
Original,72,-401,730,0.46815967559814453
Original,73,-401,740,0.4711625576019287
Original,74,-401,750,0.4801640510559082
Original,75,-401,760,0.488161563873291
Original,76,-401,770,0.49359822273254395
Original,77,-401,780,0.4996068477630615
Original,78,-401,790,0.5046365261077881
Original,79,-401,800,0.5121679306030273
Original,80,-401,810,0.5181338787078857
Original,81,-401,820,0.5231316089630127
Original,82,-401,830,0.5271310806274414
Original,83,-401,840,0.5311317443847656
Original,84,-401,850,0.5361361503601074
Original,85,-401,860,0.5401365756988525
Original,86,-401,870,0.5461342334747314
Original,87,-401,880,0.5515084266662598
Original,88,-401,890,0.556812047958374
Original,89,-401,900,0.5618071556091309
Original,90,-401,910,0.5671887397766113
Original,91,-401,920,0.574547290802002
Original,92,-401,930,0.5815582275390625
Original,93,-401,940,0.5855553150177002
Original,94,-401,950,0.5887284278869629
Original,95,-401,960,0.5927355289459229
Original,96,-401,970,0.5987381935119629
Original,97,-401,980,0.6028501987457275
Original,98,-401,990,0.6083724498748779
Original,99,-401,1000,0.6149239540100098
Original,100,-401,1010,0.6190619468688965
Mejorado,1,-395,128,0.0758213996887207
Mejorado,2,-368,232,0.12394046783447266
Mejorado,3,-368,336,0.1549232006072998
Mejorado,4,-368,440,0.18193888664245605
Mejorado,5,-366,544,0.2266247272491455
Mejorado,6,-366,648,0.2561349868774414
Mejorado,7,-366,752,0.28282713890075684
Mejorado,8,-366,856,0.3081362247467041
Mejorado,9,-366,960,0.33713722229003906
Mejorado,10,-366,1064,0.44046759605407715
Mejorado,11,-366,1168,0.49651408195495605
Mejorado,12,-366,1272,0.5343327522277832
Mejorado,13,-336,1376,0.5598747730255127
Mejorado,14,-336,1480,0.5819272994995117
Mejorado,15,-328,1584,0.6074016094207764
Mejorado,16,-322,1688,0.6353793144226074
Mejorado,17,-322,1792,0.6643812656402588
Mejorado,18,-322,1896,0.6996288299560547
Mejorado,19,-322,2000,0.7324538230895996
Mejorado,20,-322,2104,0.7643930912017822
Mejorado,21,-322,2208,0.7970666885375977
Mejorado,22,-322,2312,0.8347446918487549
Mejorado,23,-322,2416,0.8621828556060791
Mejorado,24,-321,2520,0.8841848373413086
Mejorado,25,-321,2624,0.9067049026489258
Mejorado,26,-321,2728,0.9327049255371094
Mejorado,27,-292,2832,0.958707332611084
Mejorado,28,-292,2936,0.9801130294799805
Mejorado,29,-292,3040,1.0021460056304932
Mejorado,30,-292,3144,1.0241541862487793
Mejorado,31,-292,3248,1.0461437702178955
Mejorado,32,-292,3352,1.0761473178863525
Mejorado,33,-292,3456,1.103668451309204
Mejorado,34,-292,3560,1.1246891021728516
Mejorado,35,-292,3664,1.1490247249603271
Mejorado,36,-292,3768,1.1727182865142822
Mejorado,37,-292,3872,1.198662519454956
Mejorado,38,-292,3976,1.2206885814666748
Mejorado,39,-292,4080,1.2416627407073975
Mejorado,40,-292,4184,1.2636620998382568
Mejorado,41,-292,4288,1.2836875915527344
Mejorado,42,-292,4392,1.3027186393737793
Mejorado,43,-292,4496,1.3227217197418213
Mejorado,44,-292,4600,1.342719316482544
Mejorado,45,-292,4704,1.3617184162139893
Mejorado,46,-292,4808,1.3897247314453125
Mejorado,47,-292,4912,1.4102368354797363
Mejorado,48,-292,5016,1.4292662143707275
Mejorado,49,-292,5120,1.4462370872497559
Mejorado,50,-292,5224,1.4672598838806152
Mejorado,51,-292,5328,1.4862642288208008
Mejorado,52,-292,5432,1.5090034008026123
Mejorado,53,-292,5536,1.5289907455444336
Mejorado,54,-292,5640,1.5469903945922852
Mejorado,55,-292,5744,1.565990686416626
Mejorado,56,-292,5848,1.5880012512207031
Mejorado,57,-292,5952,1.6094133853912354
Mejorado,58,-292,6056,1.6284303665161133
Mejorado,59,-292,6160,1.648411512374878
Mejorado,60,-292,6264,1.670525074005127
Mejorado,61,-292,6368,1.6904170513153076
Mejorado,62,-292,6472,1.709954023361206
Mejorado,63,-292,6576,1.7299530506134033
Mejorado,64,-292,6680,1.7509512901306152
Mejorado,65,-292,6784,1.773956298828125
Mejorado,66,-292,6888,1.7944211959838867
Mejorado,67,-292,6992,1.8134393692016602
Mejorado,68,-292,7096,1.832421064376831
Mejorado,69,-292,7200,1.85141921043396
Mejorado,70,-292,7304,1.8724417686462402
Mejorado,71,-292,7408,1.8980140686035156
Mejorado,72,-292,7512,1.9200124740600586
Mejorado,73,-292,7616,1.944007396697998
Mejorado,74,-292,7720,1.965027093887329
Mejorado,75,-292,7824,1.9880180358886719
Mejorado,76,-292,7928,2.0076894760131836
Mejorado,77,-292,8032,2.0336928367614746
Mejorado,78,-292,8136,2.0526957511901855
Mejorado,79,-292,8240,2.0716795921325684
Mejorado,80,-292,8344,2.0931878089904785
Mejorado,81,-292,8448,2.1142055988311768
Mejorado,82,-292,8552,2.13645339012146
Mejorado,83,-292,8656,2.1594858169555664
Mejorado,84,-292,8760,2.179574966430664
Mejorado,85,-292,8864,2.199096918106079
Mejorado,86,-292,8968,2.2180960178375244
Mejorado,87,-292,9072,2.2370975017547607
Mejorado,88,-292,9176,2.257080078125
Mejorado,89,-292,9280,2.2760872840881348
Mejorado,90,-292,9384,2.29410457611084
Mejorado,91,-292,9488,2.3141233921051025
Mejorado,92,-292,9592,2.334104061126709
Mejorado,93,-292,9696,2.3521039485931396
Mejorado,94,-292,9800,2.3711915016174316
Mejorado,95,-292,9904,2.3902764320373535
Mejorado,96,-292,10008,2.4136552810668945
Mejorado,97,-292,10112,2.43664813041687
Mejorado,98,-292,10216,2.4636521339416504
Mejorado,99,-292,10320,2.4859042167663574
Mejorado,100,-292,10424,2.5099151134490967
